{
    "price_mean": 407071.8303511141,
    "price_std": 377702.99572184193
}