Train MSE,Train MAE,Train R2,Test MSE,Test MAE,Test R2
0.14518581556003715,0.22436077976166469,0.8493173954815761,0.338765546258417,0.2752770581070503,0.7038152100645219
