Train MSE,Train MAE,Train R2,Test MSE,Test MAE,Test R2
0.1858852666051045,0.21749475752570316,0.811032793064842,0.37586029107947905,0.2676892016687265,0.6471479635630535
